{
  "0": {
    "accuracy": 0.7873931623931624,
    "precision": 0.7885826592799051,
    "recall": 0.7873931623931624,
    "f1": 0.7852782434986464,
    "roc_auc": 0.9593567992843822,
    "confusion_matrix": 